name	lvl country playcount
kratkoijasno	0	Macedonia	42763
Latam	0	Czech Republic	56052
akjaP	0	Czech Republic	103051
AnatoleThibault	0	Czech Republic	4197
adriozz	0	Russian Federation	67069
altsky	0	Russian Federation	264306
swedenelf	0	Russian Federation	57913
bumbik13	0	Czech Republic	78839
Mightning	0	Czech Republic	64792
ZeloOrDie	0	Slovakia	21516
dvtkyy	0	Czech Republic	11698
Axenrotxnot	0	Slovakia	10389
DarrMortvs	0	Czech Republic	35956
ughw	0	Czech Republic	28526
Gorenfieldvs	0	Slovakia	143360
Neshumah_	0	Spain	17755
chic0	0	Slovakia	222364
TheDebilo	0	Slovakia	36511
Slarje	0	Slovakia	41217
W1Pko	0	Slovakia	29577
lusiuz	0	Slovakia	52520
Kathusa	0	Slovakia	16417
JanooK	0	Slovakia	51485
Altaira20	0	Slovakia	22119
SkviZi	0	Slovakia	220290
scrawel	0	Slovakia	2821
wrtooo	0	Slovakia	141750
annanaas	0	Slovakia	67631
Nefrete	0	Czech Republic	226129
Stixo	0	Slovakia	33754
VampireQuicky	0	Slovakia	46242
LadyTunrida	0	Czech Republic	36618
enelyen	0	Slovakia	54304
TerrorWulf14	0	Slovakia	5149
Fflew	0	Czech Republic	68292
CrimsonRider2	0	Germany	440
Hypocritesie	0	Czech Republic	131331
Diabol666	0	Slovakia	22207
maxx13	0	Slovakia	45329
Sjuzn	0	Slovakia	5867
-Budha-	0	Slovakia	4364
k0en	0	Slovakia	26432
-Alex1	0	Slovakia	61718
Kirino666	0	Slovakia	17830
wisara	0	Slovakia	10486
Kcnk	0	Slovakia	32450
DJ-Gulag	1	Germany	91108
Sirius1987	1		24598
FabiannCortez	1		43625
severoktobrov	1	Serbia	29735
konchennaya	1		16229
jovanad	1		76365
NoDamnRegrets	1	Ukraine	48832
ellielche	1	Macedonia	7258
negroid101	1	United States	25216
davo_core	1	United States	117669
y0ple	1	Czech Republic	818040
madcap3	1	Croatia	105561
oliversfm	1	United States	262679
xXxNostalgiaXx	1	Serbia	57813
mrki	1	Macedonia	78689
angeladoves	1	Macedonia	3729
riberychen	1	Cocos (Keeling) Islands	85124
KarloCmrk	1	Croatia	105288
nixamk	1	Macedonia	649
user_MarryN	1	Belarus	88128
bazezelce	1	Macedonia	7531
TrefwoordPunk	1	Netherlands	210602
thelastamy	1	United Kingdom	5439
what_to_say	1	Czech Republic	19207
Turkishunicorn2	1	Turkey	59107
aplaceonearth	1		2140
mon-lolka	1	Russian Federation	377549
cololored	1		14326
jadikolaci	1	Macedonia	27347
deprozepam	1	Macedonia	9185
allogene	1		7754
qwertyThis	1		10707
drummerfrcko	1	Croatia	32746
NoiseMaxIm	1	Russian Federation	13670
biljana-mkd	1	United Kingdom	0
manu1756	1	France	1164
AFtorum	1	United States	14994
le_petit_hibou	1	Croatia	68143
DragmaSprings	1	Montenegro	25861
masha_ne_kasha	1	Belarus	8707
katja_nin	1	Serbia	117543
Rebecko	1		89617
krafnica	1	Croatia	23356
chupa_dnb	1	Croatia	13021
Troff_	1	Russian Federation	185
JebemTeZivote	1	Serbia	66
NOISEtte__	1	Croatia	26694
__GaLa__	1	Macedonia	6706
anibalverbeno	1	Germany	54638
kidkiddo	1	France	48437
VVint3r	1	Czech Republic	26561
itoesan	1	Czech Republic	47377
Endar61	1	Slovakia	144134
rapech	1	Czech Republic	53132
burkhar	1	Czech Republic	30869
Oskar-ek	1	Czech Republic	11152
SmajlFM	1	Czech Republic	94464
JanDrabek	1		61043
kdomivzalmotyho	1		13275
DexterHoll	1	Czech Republic	120125
motous	1		3637
LightVader	1	Czech Republic	101183
Uniflap	1	Czech Republic	3888
tomprat	1	Czech Republic	59871
Giof	1	Czech Republic	9546
Korhul	1	Czech Republic	45966
Shnoff	1	Czech Republic	33230
tassik	1	Czech Republic	92933
ConnorLawless	1	United Kingdom	84666
EWaldron	1	United Kingdom	27708
tom_jones384	1	United Kingdom	156718
ganvre	1	Czech Republic	17430
EricRudenja	1		14915
cmuchy	1	Czech Republic	36471
bronja_cz	1	Czech Republic	48540
Kucka2	1		3615
zinsendorf	1	Czech Republic	45298
say_gogo_plz	1		63121
FireFyyyre	1	Czech Republic	65518
kinky_girl	1	United Kingdom	48445
wu1f	1		86440
Bettull	1		2334
stromeczech	1	Czech Republic	43072
Jasionne	1	Czech Republic	725
plavec	1	Czech Republic	30901
NajdeTe	1	Czech Republic	5497
-samky-	1	Czech Republic	14990
HappySuicider	1	Czech Republic	35949
Carco_Olka	1	Czech Republic	27094
Janysx	1	Czech Republic	4256
evlinn	1	Czech Republic	97060
nelyi	1	Czech Republic	25555
Metalyza	1	Czech Republic	56117
filiphanak	1	Czech Republic	27625
Sebiik	1	Czech Republic	8819
cihakissimo	1	Czech Republic	118383
Giblma	1	Czech Republic	14154
bobrfido	1	Czech Republic	63491
M4jkeee	1	Czech Republic	67552
Mattias92	1	Belgium	182947
oggvorbiis	1	Czech Republic	5365
Ersian	1	Czech Republic	184237
laladina	1	Czech Republic	7929
elleanoir	1	Czech Republic	15502
bar_bora	1	Czech Republic	6249
Saetriihn	1	Czech Republic	39017
cheetty	1	Czech Republic	36174
Kodlc	1		76201
yoke_Salmar	1	Czech Republic	1920
markyza	1	Germany	40603
elgatoverde	1	Czech Republic	75247
Pomerancova	1	Czech Republic	65735
dis_vojen	1	Czech Republic	40783
mau_freedom	1	Czech Republic	31052
rericha	1	Czech Republic	8824
c0rts	1	United Kingdom	13975
lalalela	1	Czech Republic	12367
Sparkl	1	Czech Republic	43850
SquEeeK	1	Czech Republic	10501
VeraFera	1	Czech Republic	20304
andrepyk	1	Belarus	81248
Alexrealty	1	Belarus	174412
No_Harm	1	United States	37
ret_ox	1	Russian Federation	62872
TWENTYSEVENCATS	1		2526
guaripolo	1	Chile	145972
JohnLateralus	1	Canada	45744
thecatEEK	1	Turkey	47512
DeathToBeggon	1	Italy	1971
losts_a	1	Turkey	1921
PllyViolence	1	Ukraine	42705
piupiulay	1	Russian Federation	4019
eyevanlook	1	Slovakia	5038
alexwijns	1	Belgium	96551
rastafarra	1	Russian Federation	44329
tehZevaka	1	Russian Federation	161687
Morningrise-	1	United States	3114
lazycats_dawa	1	Russian Federation	6459
oOyukiraOo	1	Spain	2427
anomalouszmusic	1	United Kingdom	5446
juke60x	1		1985
Lamentus	1	United States	31995
Dubstep_Outcast	1	United Kingdom	151050
wendydillz	1		0
LiquidPhill	1		82294
lachrymologyyy	1	Poland	57810
xen92	1	Poland	77615
jefferyweber	1	United States	57616
losfer	1		32767
B-team123	1	United Kingdom	21249
JulioC4	1	Brazil	262213
Demon37	1	Russian Federation	126726
mmmreesescups	1		4487
St_Destroyer	1	Russian Federation	48077
ChadEchoes	1	United States	5531
Deroth-Rus-	1	Russian Federation	136042
Kasmif17	1	United States	139861
Ratman95	1		19390
screamingabdabs	1	United Kingdom	18080
spiklenci	1	Chile	33178
DavePadden	1	Italy	9284
enesaksubjk	1	Turkey	229572
stank-ass	1	United States	131633
JuanjoCH89	1	Spain	20112
HeliusFM	1		5775
Amaru_Cheetox	1	Namibia	28934
Felixis	1	Portugal	18703
Domfunkle	1	Australia	52318
Jussi3000	1	Finland	78528
LyonyaKik	1	Russian Federation	8450
Luxo0x0	1	Chile	96266
persisofmem	1	United States	24973
despise84	1		89659
ojones117	1		9237
fallosofer	1	Russian Federation	91583
gankor	1	Poland	33560
OlegSweet	1		582
z00m_slon	1		7453
JohnnieAsian	1	United States	120619
Absurd_Maers	1	Ukraine	199918
Blecki	1	Croatia	20878
Sonbry92	1		6914
kkiiaannaa	1	Iran, Islamic Republic of	8082
Eaquitas	1	Israel	22611
skurwacek	1	Poland	44216
XdotDomination	1	Singapore	141965
allfailed	1	Russian Federation	111046
ExT-	1	Portugal	90187
dead-men-tell	1	Portugal	12379
clemensclemens	1	Austria	23824
MuseFan82	1	Netherlands	150511
GiveRespect	1	Nepal	138650
Kopfschuss1	1	Portugal	48950
anassantos	1	Brazil	36436
E-m-i-x	1	Russian Federation	181821
Zerashkulina	1	Serbia	34689
DonJacobo	1	Sweden	27038
knuckster	1	Russian Federation	55942
Nowhellithoa	1	Russian Federation	4491
tssss-i-am-gay	1		30215
akrocianoz	1	Russian Federation	66308
holzbauer	1	Germany	41021
catquarks	1	United Kingdom	25901
primus_jack	1	Poland	85056
Nens	1	United States	50025
asuraa	1	United States	9412
Ypec	1	Russian Federation	26907
VicenzoNibali	1	Switzerland	3
twi99i	1	India	7882
afluffturtle	1		3879
Leechmaster88	1	Canada	18648
enzoslashslash	1	United States	22343
Explosius	1	Canada	23563
jenny3am	1	United Kingdom	19425
LeoMetal965	1	Brazil	155018
Arvid_Helminen	1	Russian Federation	127214
Kromiadi	1	Russian Federation	18171
ilikelastfm-	1	Russian Federation	174623
Japunesi	1	Russian Federation	5
Onsiolo	1	Russian Federation	1885
Metoriaus	1	Russian Federation	2926
Riancersf	1	Russian Federation	6206
Alexmalki	1	Spain	20974
Dasha92Da	1	Russian Federation	2683
Pledingg	1	Russian Federation	3306
willbeok	1	Russian Federation	4669
Calantha	1	Russian Federation	31070
Oskoreii	1	Norway	68092
Pezable	1	United States	18582
Fgttn	1	Bulgaria	68068
Dogma_Condemned	1	Croatia	18465
kiselev_666	1	Russian Federation	1
giggles6	1	Croatia	36598
SineSpi	1	Russian Federation	150054
fefiloff	1	Spain	136346
Avarice12	1	Netherlands	70413
VirDjI	1		83110
Infectious1	1	United Kingdom	106451
great_observer	1	Russian Federation	22337
-Lancman-	1	Czech Republic	109238
Mosos	1	Poland	65075
Misteriuss	1	Czech Republic	161081
Shawannah	1	Finland	29119
Bibi1231	1	Slovakia	2991
Leksey_Pustovoy	1	Russian Federation	14153
NightLia	1	Russian Federation	58408
lumaralios	1	Latvia	163762
Foresthedgehog	1	Russian Federation	43971
Sallka	1	Czech Republic	13752
Numerio	1	Austria	150651
ondreei	1	Slovakia	6438
egerek1	1	Russian Federation	0
Narvinya	1		43670
antoonnn	1	Sweden	54244
Nclaustrum	1	Mexico	37675
NewBorn007	1	Russian Federation	41370
BatBrat	1	Sweden	45017
tagroth	1		59252
whorade	1	Russian Federation	489
CaXaPoK	1	Ukraine	37348
InFakes	1	Russian Federation	57387
Nothon	1	Germany	19535
naxi666	1	Slovakia	74097
mihra	1		14
Sharlay	1	Czech Republic	14120
Ales42K	1		8446
brosqa	1		33354
Sailor_Jove	1	Turkey	218
DaschenkaTR	1	Czech Republic	33614
Razorblade_Ray	1	United States	65479
Heavy_Bell	1		12534
pavelVSlevap	1	Czech Republic	122208
Syfller	1	Czech Republic	2115
Analni_brosqa	1	Czech Republic	44623
pRCEK-pETR	1	Czech Republic	42046
epicraid	1	Germany	35063
cinnamon--girl	1	Czech Republic	33104
IgggyPop	1	Czech Republic	124308
shroomer1999	1	United States	113005
roorybacky	1	Czech Republic	190256
JayZak	1	Czech Republic	102578
skori	1	Czech Republic	40433
MynnyD	1	Czech Republic	56302
mushetzell	1	Romania	10727
blackfox	1	Czech Republic	68160
StevenWitch	1	Czech Republic	4249
vrennatic	1	Czech Republic	312005
kirkvanhendrix	1	Czech Republic	273276
PTownCL	1	United States	39211
Tyranoth	1	United States	36812
blackmetalcore	1	United States	216849
Asmothoushen	1	Algeria	21494
soadsue	1	Germany	110835
Tlyoursu	1	Russian Federation	1777
Darax	1	Czech Republic	84728
Dapwner	1	Czech Republic	40933
insidethefall	1	Turkey	257138
Baze94	1	Macedonia	9759
fabiorafo	1	Brazil	262
TRUD-band	1	Russian Federation	1556
Rock_and_slash	1	Chile	46741
clintbeed6793	1	United States	55985
N3CR0S	1	Czech Republic	6029
dolgorowky	1	Czech Republic	23709
Ruaven	1	Mexico	33436
Zaciesz87	1	Poland	30474
MIKEH3875	1	United States	114842
cindylougustait	1	United States	437
arisdenis	1	Cyprus	152523
WBnakke	1	Finland	36506
Raqator	1	Czech Republic	48468
Saitenhexerin	1	United Kingdom	96486
canibalicbeer	1	Romania	30165
homeroelcuervo	1	Antarctica	3110
el_bentse	1	Germany	161205
Morttuus	1	Czech Republic	10848
vulgardisplay62	1	United States	3391
metal_church	1	Argentina	21032
Crash5936	1	Czech Republic	60641
SlayerdestroyeR	1	Italy	63293
charv1	1	Czech Republic	120718
2men	1	Czech Republic	74620
Fullface	1	Ukraine	484734
S1xK1ll3r	1	Slovakia	28037
simon91hollnich	1	Germany	19579
DopeS-A	1	Latvia	119161
atreyuftw	1	Finland	146890
unit_01	1	Germany	42140
cletus77	1	Canada	503566
darklighttt3	1	Slovakia	7213
PopkillerSA	1	Slovakia	107460
Seoso	1	Slovakia	18913
ViktorACCEPT	1	Slovakia	55512
Cyrecek	1	Slovakia	44361
Grey-Alien	1	Ukraine	7299
NatalieMarietta	1	Russian Federation	70477
Gogenfniak	1	Slovakia	66692
janinqa	1	United Kingdom	96732
CzarnyOfficer	1	Poland	34598
Kingpin666	1	Slovakia	93905
IDX26	1	Slovakia	69148
motorak	1	Czech Republic	146252
Ancheese	1	Czech Republic	14943
wolph79	1	Czech Republic	22839
Aklainek	1	Czech Republic	99114
kenjyroo	1	Czech Republic	116
wortex	1	Czech Republic	78422
XCDave68	1	Czech Republic	50130
MrDvori	1	Czech Republic	191084
Yussuf_BR	1	United Kingdom	232
jan-martinek	1		241925
matesmac	1	Czech Republic	69811
Patasec	1		4555
tvvist	1	Czech Republic	35025
stillwatchingyo	1		697
endrysek	1	Czech Republic	3801
Freya_ff	1	Czech Republic	47565
MarekOdehnal	1	Czech Republic	286665
xXxphoenixerxXx	1	Czech Republic	119923
edgecrusherr	1	United Kingdom	99604
-ns-	1	Czech Republic	311019
Frances_T	1		5464
Adaminka	1	Czech Republic	4373
007rosi	1	Czech Republic	23
Barule	1	Czech Republic	35334
BlondeWithBrain	1	Czech Republic	25445
emoOndrej	1	Czech Republic	4579
87KaMIL87	1	Slovakia	135420
Fajo_Mephisto	1	Slovakia	118110
Black-bla	1		22378
Panziepauper	1	Netherlands	4661
TheZuz	1	Slovakia	4766
neriinga	1		6487
Lachrymosse	1	Norway	24414
ChaianeBocchi	1	Brazil	14279
reklaje	1		45715
SerenaBBButi	1	Italy	12826
Chantal9	1	Slovakia	20608
zdendo10	1	Slovakia	5886
islandver	1	Czech Republic	32332
V_Silver	1	Czech Republic	242122
Sagwash	1	Czech Republic	2059
NumberFour8	1	Czech Republic	22302
SephCZ	1	Czech Republic	3447
gulesh	1	Czech Republic	2211
Sharinkab	1		8160
Vannacutt	1	Czech Republic	85121
TripleSixAndrew	1	Czech Republic	31227
Sloshthedark	1	Czech Republic	101340
upthepoox	1	United States	47840
tombura	1	Czech Republic	25161
lapacka	1	Czech Republic	211842
Onanizer	1	Czech Republic	160584
obcanbelzik	1	Czech Republic	46510
madcapandrea	1	Czech Republic	27453
landofka	1	Czech Republic	147247
brokolikaryo	1	Czech Republic	197988
_trop_	1	Czech Republic	2007
eugont	1	Czech Republic	143179
i-am-sick	1	Czech Republic	2006
michailnenkov	1	Denmark	20137
xsim	1	Czech Republic	244041
klaudy	1	Czech Republic	73195
annashirley	1	Czech Republic	11414
Keepy	1	Czech Republic	10083
Sorrowful_dead	1	Czech Republic	63893
NamelessHomeles	1	Czech Republic	57094
ArcticHominid	1	Czech Republic	19971
vik21	1	Czech Republic	107207
-frody-	1	Czech Republic	18294
LucreciaMortici	1	Czech Republic	10005
Mirage87	1	Czech Republic	17124
neefeertiti	1	Czech Republic	17912
dalamanek	1	Czech Republic	190793
soonic	1	Slovakia	183081
srrs	1	Czech Republic	52622
Softy_AM	1	Czech Republic	78235
hank_hank_hank	1	Czech Republic	106981
CyCO_ASa_FuCk	1	Czech Republic	249966
totalySICK	1	Czech Republic	81011
Osimchin	1	Czech Republic	74232
DykeZaraka	1	Czech Republic	7255
Torques_	1	Czech Republic	31467
ValkyrjaCZ	1	Czech Republic	13656
Zorous	1	Czech Republic	388105
DeathMetalHead1	1	Czech Republic	39926
AngeeFi	1	Czech Republic	20048
Nejapna	1	Czech Republic	2774
Regn-Ung	1	Slovakia	15141
jancker1	1		1933
bobo12b	1	Slovakia	38278
togo95	1	Slovakia	54824
MuF123	1	Slovakia	181152
Veera_-	1	Czech Republic	65734
Warriorek	1	Czech Republic	144812
CarevnaNatasa	1	Czech Republic	42377
bikarbona	1	Slovakia	11576
BlindLeviathan	1	Slovakia	32730
HansuruSadako	1	Czech Republic	61853
Belzeek	1	Czech Republic	40410
bloodyWHORE	1	Slovakia	30216
vivunka	1	Czech Republic	6424
kverd	1	Czech Republic	39672
kaktusinka	1	Czech Republic	70398
VincentDuVent	1	Czech Republic	52455
padavanGreg	1	Czech Republic	187061
Kill_me_tender	1		987
vlnski	1	Czech Republic	116561
wojciech29	1	Czech Republic	48601
HelionPrime	1	Czech Republic	133876
knihomol	1	Czech Republic	164949
Drone_bitch	1	Czech Republic	210059
Sidran001	1	Czech Republic	29306
mackonaut	1	Czech Republic	70738
Silmarill_SK	1	Slovakia	44450
MetalovyKnedlik	1	Slovakia	9690
Angarothcz	1	Czech Republic	94970
WastedBeers	1		39987
LiverpoolWardy	1	Czech Republic	35898
the_domingo	1	Czech Republic	95779
Mielikkiii	1	Slovakia	78715
FairyCZ	1		0
Malediktus	1	Czech Republic	20229
Bilbo_Turambar	1	Slovakia	150616
Elle_Wildflower	1	Slovakia	186
EvenDeeper	1	Czech Republic	95479
Palacinko	1	Slovakia	107964
MultiverseMann	1	Colombia	62408
Smooooooth	1	United States	88493
Heavilon	1	Spain	42782
Lanceatum	1	Russian Federation	653418
Napalmer	1	Ukraine	38060
BehzadRR	1	Iran, Islamic Republic of	44798
Maths-der-	1	Germany	171129
marcelomfortes	1	Brazil	252419
polralahos	1	United States	0
Nikola_F_O_S	1	Montenegro	93564
ApatheticaMe	1	Egypt	64163
RAM237	1	Russian Federation	44318
Neilwey	1		2
gibokun	1	Spain	99062
deathwalking	1	Bangladesh	96902
wiche	1	Mexico	164462
piloto43	1	Peru	80570
GOTHIC_HISPANIA	1	Spain	192010
NenhumMal	1	Brazil	57278
Cornellgarden	1	Spain	16
Sentientstone	1		0
Mateofr	1	France	12477
ZomClagge	1	Germany	23665
evilmrsod	1	Germany	99329
dragonballz4507	1	France	1418
javiktulu	1		6623
Iorch82	1	Spain	74
Zamarck	1	Spain	2508
ivanerg	1	Guatemala	70257
Meltheria	1	Belgium	65482
MrAKCL	1	Spain	13233
anormalx	1	France	5002
HonkyTonkTfe	1	Spain	5
greg215	1	United States	1116
PEKADO	1	Spain	49049
TYOSS	1	Slovenia	65711
sefloras	1	Spain	3798
Maynardoh	1	Argentina	180481
argasso	1	Poland	42732
AbyssoSS	1	Spain	2826
krisempire	1	United States	1384
kemming	1	Greece	131632
Angienel	1	Venezuela	26700
sandria_girrith	1	Germany	10479
thegrimrobes	1	Spain	46736
Snorcher	1		21466
bip876	1	Spain	55276
Zabri_again___	1	Czech Republic	0
matolf	1	Slovakia	113083
tetamolekula	1	Slovakia	26768
Risalis	1	Germany	31960
Sewitches	1	Slovakia	74088
frenzee96	1	Slovakia	59453
AYDRA	1		5
Amalka232	1	United Kingdom	47512
siastrushka	1	Slovakia	3669
wewewe1123	1	Slovakia	275
Niessa_Sun	1	Ukraine	42678
Myhall	1	Slovakia	36412
lenntilka	1	Slovakia	805
DoderGM	1	Slovakia	29997
Nastasija	1	Czech Republic	339367
Elhenis	1	Slovakia	22321
Nic1e	1	Slovakia	111783
brutalassault	1	Czech Republic	1
inTorment	1	Slovakia	31625
LizzieBathory	1	Slovakia	68997
Handl	1		294366
Lady_Aellin	1	Czech Republic	11528
VeVe_350Z	1	Slovakia	34597
Rooster333	1	Slovakia	58488
ma-gooor	1	Czech Republic	27231
kocicipelisek	1		92077
wahy_the	1	Czech Republic	1877
pihkal3000	1	Russian Federation	142049
Luc_Luc	1	Slovakia	8940
Podrouzek	1	Slovakia	116250
Mrwi	1	Slovakia	96755
snowflakeEEE	1	Slovakia	18081
waldemarrr	1	Slovakia	38421
xtallatx	1	Czech Republic	88214
Jam-all	1	Slovakia	12417
Zersch	1	United States	3437
Era_Vulgaris	1	Italy	187010
Spacelord1978	1	Argentina	183689
CervenkaObecna	1	Czech Republic	48371
alandres	1	Spain	185837
tom1k	1	Slovakia	71613
marekbednar	1	Slovakia	32085
zvyradko	1	Czech Republic	15048
Gricharias	1	Czech Republic	0
Richi_7	1	Slovakia	15008
fixinela	1	Slovakia	18379
zajza	1	Czech Republic	19837
hydroxipropildy	1		845
bubsithebest	1	United States	104280
phosphorus_	1	Slovakia	41879
andros1234	1	Mexico	42403
ZuzickaM	1		13121
Georgo_Smart	1	Slovakia	14421
Paullieee	1	Slovakia	64145
beholdereye1	1	Czech Republic	139280
aloevera17	1	Slovakia	11143
mahatmarat	1	Slovakia	5721
happy_goofy	1	Slovakia	88170
casion	1	Slovakia	13899
jeriqo	1	France	47234
Leftie_SK	1	Slovakia	45753
Erick_	1	Brazil	98128
eminator	1	Slovakia	64289
tompetko	1	Slovakia	35952
rainboww	1	Slovakia	11944
Goryvlad	1	Slovakia	91818
swyna	1	Slovakia	2041
sinner1984	1	Canada	16762
hyperspace82	1	Italy	40381
POLLYTLOVELESS	1		1987
evilhill	1	Slovakia	122190
Chernibog	1		133
reigndear	1	South Africa	40265
jusso11	1		75
MORION	1	Slovakia	233402
frizby	1	Slovakia	108912
Maji23487	1	Slovakia	3371
ucandeveler	1	Turkey	1249
pyxina	1	Bulgaria	1855
romyzu	1	Chile	10465
mibs1	1	France	53
briskeymusic	1	Belgium	1815
ropeadope	1	United States	412
Lubinocka	1	Slovakia	1927
adelin_cz	1	Czech Republic	17750
ph4r05	1	Slovakia	3609
Acid3P	1	Slovakia	72716
acidicmoons	1	Canada	32115
IonutHw	1		83413
marcodeluke	1	Italy	5420
GregXDroid	1	Czech Republic	56692
v1335659	1	Russian Federation	51367
fanasapeles	1	Slovakia	47697
ppgirls	1	Ukraine	465731
hybri	1	Czech Republic	51836
terezinka	1		1877
kukaf	1	Czech Republic	24954
karelfiser	1	Czech Republic	7162
guerilla_92	1	Greece	20457
AlexInspire	1	Russian Federation	58834
Hanz22	1	New Zealand	45284
Branochod	1	Slovakia	6870
flyerkuba	1	Czech Republic	19001
moocky	1	Czech Republic	225953
chillpill01	1	Slovakia	156666
TolSinion	1	Czech Republic	42461
systemizada	1		9748
lubo-86	1	Slovakia	97291
Hawkey1	1	Czech Republic	20436
linddalin	1	Czech Republic	3266
JKotlarczyk	1	Czech Republic	36998
slasher13	1	Czech Republic	101247
oroslav	1	Slovakia	23025
5Modre7	1	Czech Republic	18958
ZYXik	1	Czech Republic	175798
Martas99	1	Czech Republic	12031
jeremyrook	1	Czech Republic	43764
strny93	1	Czech Republic	15821
rizek2	1	Czech Republic	184020
Vyhul	1	Czech Republic	155920
MaxFriik	1	Czech Republic	213436
jedwinpp	1	Colombia	255434
Cocottice	1	Czech Republic	90994
ravelslord	1	Bangladesh	7954
Barush90	1	Czech Republic	97293
ALBERT_ABE	1	Spain	14673
KenHebert	1	United States	99061
caiocws	1	Brazil	226903
kill3rb	1	Slovakia	18482
shimanka	1	Czech Republic	18018
phoenixek	1	Czech Republic	84561
-FrauSchmidt	1		509
Reptiloid	1	Russian Federation	23589
ajjaros	1	Czech Republic	533
elefrankenstein	1	Spain	26639
SicKindaHeaD	1	Czech Republic	79913
rorybi	1	Czech Republic	3587
BukKate	1	Poland	143013
PanBelkan	1	Slovakia	22633
hellvanraven	1	Poland	18065
sundaybac0n-	1	United States	68317
floricidal	1	Finland	50416
Rebellllll	1		152
kennymax	1	Slovakia	178001
dancul0	1	Slovakia	10053
dzanka	1	Czech Republic	113422
volatyle	1	United States	125624
dubaakMCUD	1	Slovakia	47825
JaneDoe082285	1	United Kingdom	51028
Zombiepod	1	Slovakia	4050
Majo-slav	1		1696
Vargstjern	1	Czech Republic	152504
VirialMetal	1	Italy	10321
LobotomyMaster	1	Russian Federation	101109
ex3cute	1	Finland	52207
doomsdaycomfort	1	Germany	16552
bekoksucks	1	Indonesia	82473
FeelNoMercy	1	Slovakia	13115
psssyche	1	Slovakia	4491
Lichard	1	Slovakia	76904
allistaken666	1	United States	20478
bringger	1	Indonesia	9944
Z0DI4C	1	Czech Republic	60442
Airo11	1	Slovakia	16791
skynett	1	Slovakia	24990
uprx	1	Russian Federation	15274
tonken	1	Slovakia	228719
CilliSyk	1	Slovakia	40697
brrraaaddd	1	United States	57966
Lariaria	1		6520
fdh_iron	1	Ukraine	76673
Sluti	1		37140
hd7	1	Slovakia	98465
Hard-Corn	1	Slovakia	18036
Maxen-Tiss	1	Slovakia	2
mka01	1	Germany	959
Anthares110	1	Colombia	10202
Harper980	1	United Kingdom	208915
weshenrique	1	Brazil	35825
look__on	1	Argentina	67360
johnfrguitar	1	Argentina	18354
Antse	1	Germany	12313
SebastianMatar	1	Sweden	6931
doctorbelka	1	Russian Federation	36503
Bialy_92	1		14717
fading_reality	1	Slovakia	101059
miny-moe	1	Czech Republic	47400
morcajobko	1	Slovakia	78173
Matu86	1	Slovakia	46722
Str3c	1	United Kingdom	41853
magikmushroom	1	United Kingdom	7840
joshy_semana	1	United Kingdom	20478
Juliescherry	1	Brazil	159477
frusciantegirl	1	Germany	52281
The-Zephyr-Song	1	Germany	2850
TheSexMagik	1	Slovakia	27188
Yuminice	1	Czech Republic	37718
Gaze51	1	Slovakia	130022
Zagoslav	1	Slovakia	74099
BlackMoon56	1	Slovakia	66960
matwe_k	1	Slovakia	16876
Synesthesis	1	Slovakia	258691
Saintier	1	Czech Republic	60751
norbulino	1	Czech Republic	81187
DesireForVolume	1	Czech Republic	29469
kezir	1	Czech Republic	41094
L334m	1		24986
Countess_M	1	Czech Republic	81317
GRushmuS	1	Canada	34
valjadarr	1		12391
Helmut21	1	Paraguay	238912
Lozmodial	1		50772
draganarocksss	1	Serbia	13822
eevee666	1	Czech Republic	139860
erunchilda	1	Turkey	15754
roopeweli	1	Finland	26812
adeel666	1	Czech Republic	36083
Orionica	1	Russian Federation	14207
Nighta_Montoya	1		58056
Maareth	1	France	21025
fearofliving	1	Lithuania	124833
Fjorm	1	Czech Republic	57923
mIZZYchal	1	Czech Republic	131280
Takmari	1	Czech Republic	19590
Fazula22	1		20
R1550	1	Czech Republic	53761
NocturnalDaemon	1	Czech Republic	61153
DarkDarion13	1		100
Trixiiie	1	Norway	12814
Quizzie_Fogg	1	Czech Republic	4256
zofinkaa	1		745
Eat-Shit	1	Slovakia	197725
Al_Anastasia	1	Czech Republic	173754
dd10111	1	Slovakia	41404
monsieurFaun	1		32243
igor_kamil	1	Slovakia	104074
Souvlaki82	1	Italy	58952
clovekmesovy	1	Slovakia	73747
conversemanman	1	United States	28046
sonda-	1	Slovakia	19457
jirispicak	1	Czech Republic	80771
worldofniwi	1	United States	41014
januli_	1	Slovakia	39368
mechugag	1	Czech Republic	103408
papajaboy	1	Slovakia	18465
livilu	1		3994
wa0	1	Niger	158844
PavelKlusak	1	Czech Republic	5301
kirdec	1	Bahrain	3
tatratank	1	Czech Republic	90407
BlisterAndCow	1	Czech Republic	15438
wincko	1		84301
pleso8	1		177
cronica	1	Portugal	0
Oziczek	1	Czech Republic	32454
strjuna	1	Slovakia	15403
tHe_jinXeD	1	Czech Republic	77881
mrkvaz	1		3117
hisnameisalice	1	Slovakia	34471
yasomFilip	1	Slovakia	503
presquepartout	1	United States	54907
andynus	1	Slovakia	102632
todaysart	1	Netherlands	92104
lcia	1	Czech Republic	4801
dllmrt	1	Zimbabwe	199334
lundinite	1		14612
cszwei	1	Czech Republic	32553
InDelirium	1	Slovakia	20335
oskarpompa	1	Belgium	15748
t_ani-ani	1	Slovakia	14306
juroben	1	United Kingdom	9066
Stanica	1	Slovakia	44183
pikseliahky	1	Slovakia	98
archaetropin	1	Slovakia	77919
nudavbrne	1	Slovakia	23075
suburbandrifter	1		0
inkmidget	1	Slovakia	1228
pabanks	1	United States	43597
galiyosha	1	Slovakia	17855
d4nk4	1	Slovakia	14304
katynashamanita	1	Slovakia	34
cub00	1		3067
Ravn_1349	1	Czech Republic	19308
flowersofflesh	1	Romania	5175
DeThRayN	1	Czech Republic	95067
DoubIeGemini	1	Czech Republic	17128
HeirofDunwall	1		29362
grindcorizer	1	Czech Republic	42789
svobodaak	1	Czech Republic	16459
lud1s	1	Czech Republic	15868
nattdurs	1		23205
Bourreau	1	Czech Republic	50494
Oskar999	1	Czech Republic	204094
HellKnowsMyName	1	Czech Republic	162338
aleinad999	1	Czech Republic	117203
Dobra_vila123	1	Czech Republic	4833
Isquieasssuus	1	Czech Republic	48079
FuryGinger	1	Faroe Islands	86876
moonroot2	1	Czech Republic	165266
uproar	1	Czech Republic	50947
boda777	1	Czech Republic	188978
TinaSmith26	1	United Kingdom	1
CaGe2012	1	Czech Republic	66237
Jeelwert	1	Czech Republic	40054
PsychoP	1	Czech Republic	7684
Licee	1	Czech Republic	79427
Ronkar_Jam	1	Czech Republic	6343
_hitomi_	1	Czech Republic	178975
rolo666	1	Slovakia	135258
Infernus27	1	Hungary	36141
RAdeXallacz	1	Czech Republic	14490
majdis	1		1350
cz_werewolf	1	Czech Republic	172014
murthags	1	Czech Republic	80917
MaxSkill	1	Finland	102445
storm_eagle	1	Czech Republic	119459
xxxKillianxxx	1	Czech Republic	220241
VortexofSaydir	1	Australia	28
Sokoloff88	1	Ukraine	36020
Wolfpack82	1	Italy	9534
MallangongSyn	1	Italy	88402
Tomgoroth	1	Netherlands	90160
anjinus	1	Germany	17164
Isquieassuus	1	Czech Republic	44587
pigs_must_die	1	Czech Republic	7513
Deliverancer	1		267909
taker919	1	United States	118195
mitsouko	1	Japan	105555
bozemoj	1	Slovakia	143125
ajronik	1	Slovakia	88474
hkitty	1	Slovakia	56476
KaI3aL	1	Slovakia	45729
pure_seeker	1	Slovakia	22602
Freezy	1	Slovakia	87528
lenca	1	Slovakia	68058
deborah_crane	1	Slovakia	29936
palczi	1	Slovakia	52199
theclipse	1		3540
post_man	1	Slovakia	103361
tachykradia	1	United States	28059
PIA8	1	Slovakia	41303
asebest	1	Slovakia	122055
pidizwik	1	Slovakia	6639
fiLo_TNT	1	Slovakia	6778
barboraaa	1	Slovakia	148
Drimacoustic	1	Slovakia	45128
roodolphh	1	Slovakia	82483
chrochtoprd	1	Slovakia	922
gerda0o	1	Slovakia	9541
basulik	1	Slovakia	15814
mates11	1	Slovakia	12886
Tyndall_Defect	1	Poland	78167
stanci	1	Slovakia	82362
kuraplesnive	1	Slovakia	21329
Newstedko	1	Slovakia	23558
LyLynka	1	Slovakia	22665
spottik	1	Slovakia	56950
LordAssHole	1		40393
Saetiah	1		67477
die_manu	1	Austria	58065
StevenBonnellII	1	United States	114384
gagabinha	1	Brazil	75119
Mangoflickan	1	Sweden	41217
La_Symboliste	1	Romania	32064
perachmet497	1	Israel	21788
Yx_zepperke_xX	1		42838
AlissaWhiteGluz	1	Poland	50890
Morwyn666	1	Belgium	40
Tamm_Theelf	1		1849
Pillorian	1	United States	54465
MagiMint	1	Australia	12688
MartinVn	1		67575
Sardonic-Wrath	1	Greece	48393
kveldssang	1		65566
Erstickung	1	Portugal	14875
missmetal86	1	United States	59103
Ye110w	1	Czech Republic	170423
Akheilos	1	South Africa	3
_DeadSoul_	1	Slovakia	197154
BestiaraMist	1	Italy	5863
I_Duck-Llamas	1	United Kingdom	342
Khalidia	1	Slovakia	30809
Blood-Benihime	1		0
Hoonroo	1	United States	25623
Explodingheads	1		64376
X-RomeGa	1	United States	173788
entomb	1	Portugal	46974
CoasterKid93	1		11478
FreedumFries591	1	United States	14551
mocneseowpolsce	1		57
MassiveAnchor	1	United States	33967
psikusek	1	Poland	3566
Cheldog	1	United States	22281
UnknownQuantit	1	Poland	22821
Deathtocubes	1	Canada	73260
DHOMTH	1	Slovakia	14
whiteclaudia	1	Mexico	42846
Pepe126	1	Slovakia	3801
Crimson_Jack	1	Italy	37854
Ajka42	1	Slovakia	124432
jamalocaust	1	United States	138707
JustinFL	1	United States	295157
yesspazz	1	Zimbabwe	28578
Theodore_Bundy	1	Turkey	119163
doomlukas	1	Czech Republic	10961
Phantasmagoria6	1	Czech Republic	51152
vcielkamaja50	1		12158
cwojke	1	Czech Republic	83761
HammerSS	1	Ukraine	21480
Ulver1488	1	Ukraine	80334
HorrorPunker	1	Czech Republic	29617
Maris26	1	Czech Republic	7132
RomaFourten	1	Mexico	10479
Vicck	1	Czech Republic	52743
Kittynator	1	Czech Republic	111
LukasKun	1	Lithuania	55941
Sarkast_Sk	1	Slovakia	45114
Maki89	1	Slovakia	267281
thereisnokevin	1	Australia	146480
snakiesk	1	Slovakia	5727
Tiax	1	Finland	221248
olqo	1	Slovakia	30435
Rotten_Angel	1	Slovakia	78818
Dearth66	1	Germany	58580
AdkaLV	1	Slovakia	10404
jimmy009	1	Slovakia	22159
chromAVrana	1	Slovakia	33997
Allchymistka	1	Slovakia	6923
TheKlansman	1	Slovakia	82242
ToadstoolMoon	1	Slovakia	91130
Robinson_SK	1	Slovakia	160229
Cyberian77	1	Slovakia	11088
ReeDoom	1	Slovakia	13742
TheARVEN	1	Slovakia	1608
Mesuge	1	Slovakia	4712
metromnoise	1	Slovakia	27036
ShAgRath83	1	Slovakia	122386
adusaaa	1	Slovakia	4235
lady_bird_1987	1	Slovakia	2498
cacophonus	1	Slovakia	94851
freeman85101	1	Slovakia	108806
Saphiroth	1	Denmark	165376
Death_CZ	1	Czech Republic	390307
EbonyPrince	1	Slovakia	33244
MalyNemcok	1	Slovakia	27160
screamcek	1	Slovakia	225817
silvanspirit	1	Slovakia	103883
LeviathanAt	1	Slovakia	175795
UjoNecro	1	Slovakia	43574
the-GURU-man	1	Slovakia	17260
klypso	1	Slovakia	233764
Regurgitated	1	Slovakia	8729
plc0	1	Slovakia	5210
Seth_an	1	Russian Federation	143499
Freya88	1	Czech Republic	24282
HerrSurth14	1	Slovakia	2071
Rugievit	1	Slovakia	52572
Lam3r_co	1	Slovakia	38598
Werewolf88	1	Slovakia	21488
blue_ice9	1		1081
UlvhedinGrom	1		146710
MariusSachtikus	1	Czech Republic	79077
Dalihrob	1	Czech Republic	128096
Werwolfthronus	1		162429
WitchingHell	1		61184
bodom_ht	1	Ukraine	21488
habeco	1		65707
MartinSulc	1	Czech Republic	38179
Kiki_chan_	1	Czech Republic	328
Al_Alena	1	Czech Republic	17028
WJDyznyjovA	1	Czech Republic	17089
Nykaneh	1		78654
PestNoir	1	Czech Republic	59664
Cirkusdisco	1	Sweden	20673
CarlosDelvitos	1	Czech Republic	33479
Wlk92	1	Czech Republic	66553
SwordOfDarkness	1	Germany	202433
Orwin_cz	1	Czech Republic	59217
JimmyLaser	1	Czech Republic	37562
Kroda_band	1	Ukraine	18508
HonzaVSlany	1	Czech Republic	98572
Nefertari2	1	Czech Republic	16095
HateRush	1	Sweden	94243
SiuxBeast	1		102
Wulfrik	1		40799
ObsessedWeirdo	1		24820
Paamplmuus	1	Czech Republic	21408
blasar	1	Slovakia	27176
Sevisko	1	Czech Republic	81582
gugiCZ	1	Czech Republic	23775
ambersea	1	Czech Republic	21898
Lifelooser	1	Czech Republic	6145
Petula07	1	Czech Republic	39558
lolvine	1	Czech Republic	161687
SarkothelSheyd	1	Germany	392477
Ischu	1	Germany	19663
Regrin	1	Germany	83870
trance_ending	1	Australia	61657
slumbear	1		192607
User_error45	1		47375
Zlyhad	1		62729
nikola_007	1	Croatia	96248
METALLOVINNYMPH	1	United Kingdom	9656
LowerTheFlags	1		155564
rockypao	1	Mexico	13
omuriliksivisi	1		3274
Msannte	1	United Kingdom	13858
helloimfrick	1	Russian Federation	1244
gresagresa	1	United Kingdom	45144
Bastenus	1	Czech Republic	129026
wildsebol	1	Poland	40052
Plaind1	1		4
Opice	1	Czech Republic	57394
extreme1551	1	Portugal	10037
laurenwolfmusic	1	United States	2
WdEv	1	Czech Republic	93471
DementeAmorir	1	Chile	72150
Magico3	1	United Kingdom	97552
beaglesofcatan	1	United States	61254
Paratmag	1	Czech Republic	0
CountAzraelus	1	Czech Republic	249847
Impluviatus22	1	Germany	20142
Shuvzsargatanas	1	Bangladesh	6847
dasexil	1	Germany	125890
Deadboy85	1	Germany	82012
vladaduskov	1	Serbia	473248
SimonBisek	1	Poland	358302
asinslaase	1	Latvia	52290
Blackenth3angel	1		54364
pzy-kl0n	1	Czech Republic	47318
pkachnik	1	Czech Republic	179643
cavy77	1		61909
SatanHepy	1	Czech Republic	19638
dr_madness	1	Russian Federation	9697
lariost	1	France	227057
CrushingAxes	1	Brazil	160201
ReverendCrow	1	Czech Republic	42702
TalamisMetal	1	Venezuela	2126
m4xy	1	Brazil	81538
nepamirshk	1	Finland	7785
thekarola	1	Poland	1573
minob	1	Slovakia	138322
AmAAjA	1	Czech Republic	19357
ebil_yuki	1	United Kingdom	63447
MAXIIME	1	France	11014
Laenush	1	Slovakia	9325
tomasvidoman	1	Slovakia	8137
Pierredca	1		435
ma_th_ias	1	Slovakia	69275
indiePANTSorg	1		10374
plite	1	Russian Federation	33292
Nek1234	1	Russian Federation	17688
Zeritas	1	Germany	49965
Ormhild	1		8705
Zanet666	1	Slovakia	13325
SairuskO	1	Slovakia	216
NORDKAPP_PB	1	Slovakia	3771
nerghal	1	Slovakia	46670
FragStop2	1	Slovakia	99972
LeprosyDuam	1	Chile	7705
messia666	1		3097
bentley26	1	Slovakia	7408
Tenebrum	1	Georgia	3140
RebornBlackKill	1	Czech Republic	50172
DxNxTxSx	1	Brazil	49925
becmatija	1	Croatia	15368
GRINDERRRRR	1	Ukraine	149507
hailmarduk666	1	United States	540039
Mistima	1	Russian Federation	137741
Venom7L	1	Slovakia	176742
Ironka	1	Slovakia	24082
PAVEK	1	Czech Republic	212904
phoebe16	1	Slovakia	4994
sorinko	1	Slovakia	8510
fanta_svk	1	Slovakia	14666
kkeyence	1	Slovakia	1517
ziniblack69	1	Czech Republic	101925
pison1	1		66961
buKaKe	1	Sweden	143653
spitfiredhc6666	1	Germany	23307
soby20	1	Slovakia	16472
Doriska	1	Slovakia	42107
electricblues	1	Czech Republic	58895
DrKiller	1	Czech Republic	129088
dayslypper	1	Czech Republic	31782
MacikovyCajik	1	Slovakia	36403
AnnaDraconida	1	Cyprus	204856
Colour_planet	1	Slovakia	55438
high_technique	1	Czech Republic	6344
mr-a	1	Czech Republic	373225
au_batido	1	Slovakia	39268
julschee	1	Germany	36325
misotn	1	Slovakia	244269
heretic616	1	Denmark	439
PumliCZ	1	Czech Republic	57755
